/* =========================================================
   Insert Data into Customers Table
   ========================================================= */
INSERT INTO customers (customer_id, customer_name, city, signup_date) VALUES
(1, 'Ravi', 'Delhi', '2022-12-05'),
(2, 'Vijay', 'Pune', '2023-01-10'),
(3, 'Sakshi', 'Mumbai', '2023-03-16'),
(4, 'Divya', 'Nagpur', '2022-10-16'),
(5, 'Vaishali', 'Delhi', '2024-03-01'),
(6, 'Akash', 'Pune', '2024-02-23'),
(7, 'Rohit', 'Pune', '2025-08-26'),
(8, 'Prakash', 'Kolkata', '2022-06-23'),
(9, 'Ramesh', 'Mumbai', '2022-08-21'),
(10, 'Suresh', 'Nagpur', '2023-09-16'),
(11, 'Ashish', 'Nashik', '2025-05-25'),
(12, 'Achal', 'Nashik', '2024-12-03'),
(13, 'Neha', 'Pune', '2022-06-19'),
(14, 'Vikas', 'Delhi', '2025-04-16'),
(15, 'Rahul', 'Nagpur', '2025-07-09');


/* =========================================================
   Insert Data into Products Table
   ========================================================= */
INSERT INTO products (product_id, product_name, category, price) VALUES
(131, 'Smartphone', 'Electronics', 22000),
(132, 'Television', 'Electronics', 18000),
(134, 'Table & Chairs', 'Home Appliances', 7500),
(135, 'Washing Machine', 'Home Appliances', 23000),
(136, 'Laptop', 'Electronics', 70000),
(137, 'Woodcutter', 'Tools', 9500);


/* =========================================================
   Insert Data into Orders Table
   ========================================================= */
INSERT INTO orders (order_id, customer_id, product_id, order_date, quantity) VALUES
(101, 3, 134, '2025-08-05', 1),
(102, 4, 132, '2024-02-11', 1),
(103, 2, 131, '2024-11-02', 3),
(104, 6, 136, '2025-06-07', 1),
(105, 5, 137, '2025-10-01', 2),
(106, 7, 135, '2024-03-07', 1),
(107, 8, 133, '2025-04-11', 2),
(108, 9, 132, '2024-07-14', 4),
(109, 10, 136, '2025-01-09', 1),
(110, 11, 134, '2024-01-18', 2),
(111, 12, 131, '2025-09-14', 3),
(112, 13, 133, '2024-05-26', 1),
(113, 14, 136, '2025-02-17', 2),
(114, 15, 137, '2024-06-30', 1),
(115, 1, 132, '2025-03-28', 4);


/* =========================================================
   Insert Data into Payments Table
   ========================================================= */
INSERT INTO payments (payment_id, order_id, payment_date, amount, payment_mode) VALUES
(201, 101, '2025-08-06', 7500, 'UPI'),
(202, 102, '2024-02-12', 18000, 'Card'),
(203, 103, '2024-11-03', 66000, 'Net Banking'),
(204, 104, '2025-06-08', 70000, 'Card'),
(205, 105, '2025-10-02', 19000, 'UPI'),
(206, 106, '2024-03-08', 23000, 'Cash'),
(207, 107, '2025-04-12', 36000, 'Net Banking'),
(208, 108, '2024-07-15', 72000, 'Card'),
(209, 109, '2025-01-10', 70000, 'UPI'),
(210, 110, '2024-01-19', 15000, 'Cash');
